id,ext,billing,day,month,year,warned
1,3323,0.00037,23,4,2019,0
2,3318,0.00037,17,5,2019,0
3,3320,0.00037,13,8,2019,0
